{
  "TG705114": {
    "frequencies": [
      0.797808,
      0.765627,
      0.725031,
      0.68507,
      0.641603,
      0.588803,
      0.538725,
      0.485979,
      0.423725,
      0.365995,
      0.306365,
      0.23826,
      0.17841,
      0.088267,
      0.001489
    ]
  },
  "TG707089": {
    "frequencies": [
      0.028479,
      0.035552,
      0.045259,
      0.05563,
      0.067775,
      0.083614,
      0.099517,
      0.116782,
      0.136882,
      0.153802,
      0.167475,
      0.175092,
      0.170554,
      0.109766,
      0.002489
    ]
  },
  "TG707090": {
    "frequencies": [
      0.086753,
      0.09921,
      0.114436,
      0.128852,
      0.143804,
      0.160748,
      0.175264,
      0.188405,
      0.200092,
      0.205954,
      0.20544,
      0.19461,
      0.173654,
      0.10238,
      0.002103
    ]
  },
  "TG707091": {
    "frequencies": [
      0.086753,
      0.09921,
      0.114436,
      0.128852,
      0.143804,
      0.160748,
      0.175264,
      0.188405,
      0.200092,
      0.205954,
      0.20544,
      0.19461,
      0.173654,
      0.10238,
      0.002103
    ]
  },
  "TG715992": {
    "frequencies": [
      0.000104,
      0.000201,
      0.000419,
      0.000798,
      0.001507,
      0.003044,
      0.005615,
      0.010215,
      0.019605,
      0.034148,
      0.05764,
      0.098677,
      0.148999,
      0.14865,
      0.005519
    ]
  },
  "TG715994": {
    "frequencies": [
      0.000104,
      0.000201,
      0.000419,
      0.000798,
      0.001507,
      0.003044,
      0.005615,
      0.010215,
      0.019605,
      0.034148,
      0.05764,
      0.098677,
      0.148999,
      0.14865,
      0.005519
    ]
  },
  "TG758966": {
    "frequencies": [
      0.0,
      0.0,
      0.0,
      0.0,
      0.0,
      0.0,
      0.0,
      0.0,
      0.0,
      0.0,
      0.0,
      2.5e-05,
      0.001783,
      0.084228,
      0.239796
    ]
  },
  "TG758970": {
    "frequencies": [
      0.0,
      0.0,
      0.0,
      0.0,
      0.0,
      0.0,
      0.0,
      0.0,
      0.0,
      0.0,
      0.0,
      1.5e-05,
      0.00127,
      0.071493,
      0.247923
    ]
  },
  "TG758975": {
    "frequencies": [
      0.0,
      0.0,
      0.0,
      0.0,
      0.0,
      0.0,
      0.0,
      0.0,
      0.0,
      0.0,
      0.0,
      9e-06,
      0.000894,
      0.059959,
      0.253264
    ]
  },
  "TG758976": {
    "frequencies": [
      0.0,
      0.0,
      0.0,
      0.0,
      0.0,
      0.0,
      0.0,
      0.0,
      0.0,
      0.0,
      0.0,
      2.5e-05,
      0.001783,
      0.084228,
      0.239796
    ]
  },
  "Wuhan_WIV04_2019": {
    "frequencies": [
      0.0,
      0.0,
      0.0,
      0.0,
      0.0,
      0.0,
      0.0,
      0.0,
      0.0,
      0.0,
      0.0,
      0.0,
      0.0,
      0.0,
      0.0
    ]
  },
  "generated_by": {
    "program": "augur",
    "version": "10.0.3"
  },
  "pivots": [
    2020.0,
    2020.08,
    2020.17,
    2020.25,
    2020.33,
    2020.42,
    2020.5,
    2020.58,
    2020.67,
    2020.75,
    2020.83,
    2020.92,
    2021.0,
    2021.08,
    2021.17
  ]
}